<?xml version="1.0" encoding="utf-8" standalone="yes" ?>
<rss version="2.0" xmlns:atom="http://www.w3.org/2005/Atom">
  <channel>
    <title>Carpentries on English</title>
    <link>/en-us/tags/carpentries/</link>
    <description>Recent content in Carpentries on English</description>
    <generator>Hugo -- gohugo.io</generator>
    <language>es-es</language>
    <lastBuildDate>Mon, 29 Apr 2019 00:00:00 +0000</lastBuildDate>
    
	<atom:link href="/en-us/tags/carpentries/index.xml" rel="self" type="application/rss+xml" />
    
    
    <item>
      <title>Hello world</title>
      <link>/en-us/2019/04/hello-world.en-us/</link>
      <pubDate>Mon, 29 Apr 2019 00:00:00 +0000</pubDate>
      
      <guid>/en-us/2019/04/hello-world.en-us/</guid>
      <description>Starting here!</description>
    </item>
    
  </channel>
</rss>