<?xml version="1.0" encoding="utf-8" standalone="yes" ?>
<rss version="2.0" xmlns:atom="http://www.w3.org/2005/Atom">
  <channel>
    <title>A on Castellano</title>
    <link>/tags/a/</link>
    <description>Recent content in A on Castellano</description>
    <generator>Hugo -- gohugo.io</generator>
    <language>es-es</language>
    <lastBuildDate>Sun, 28 Apr 2019 00:00:00 +0000</lastBuildDate>
    
	<atom:link href="/tags/a/index.xml" rel="self" type="application/rss+xml" />
    
    
    <item>
      <title>AHORA SI</title>
      <link>/2019/04/ahora-si.es-es/</link>
      <pubDate>Sun, 28 Apr 2019 00:00:00 +0000</pubDate>
      
      <guid>/2019/04/ahora-si.es-es/</guid>
      <description>Esto ya funciona</description>
    </item>
    
    <item>
      <title>about</title>
      <link>/2019/04/about.es-es/</link>
      <pubDate>Wed, 24 Apr 2019 00:00:00 +0000</pubDate>
      
      <guid>/2019/04/about.es-es/</guid>
      <description>Sougfd</description>
    </item>
    
    <item>
      <title>sobre</title>
      <link>/2019/04/sobre/</link>
      <pubDate>Wed, 24 Apr 2019 00:00:00 +0000</pubDate>
      
      <guid>/2019/04/sobre/</guid>
      <description></description>
    </item>
    
  </channel>
</rss>