<?xml version="1.0" encoding="utf-8" standalone="yes" ?>
<rss version="2.0" xmlns:atom="http://www.w3.org/2005/Atom">
  <channel>
    <title>Cv on Castellano</title>
    <link>/tags/cv/</link>
    <description>Recent content in Cv on Castellano</description>
    <generator>Hugo -- gohugo.io</generator>
    <language>es-es</language>
    <lastBuildDate>Tue, 30 Apr 2019 00:00:00 +0000</lastBuildDate>
    
	<atom:link href="/tags/cv/index.xml" rel="self" type="application/rss+xml" />
    
    
    <item>
      <title>Curriculum vitae</title>
      <link>/curriculum-vitae/</link>
      <pubDate>Tue, 30 Apr 2019 00:00:00 +0000</pubDate>
      
      <guid>/curriculum-vitae/</guid>
      <description></description>
    </item>
    
  </channel>
</rss>