<?xml version="1.0" encoding="utf-8" standalone="yes" ?>
<rss version="2.0" xmlns:atom="http://www.w3.org/2005/Atom">
  <channel>
    <title>Showcase Appliquée on Castellano</title>
    <link>/categories/showcase-appliqu%C3%A9e/</link>
    <description>Recent content in Showcase Appliquée on Castellano</description>
    <generator>Hugo -- gohugo.io</generator>
    <language>es-es</language>
    <lastBuildDate>Thu, 25 Apr 2019 00:00:00 +0000</lastBuildDate>
    
	<atom:link href="/categories/showcase-appliqu%C3%A9e/index.xml" rel="self" type="application/rss+xml" />
    
    
    <item>
      <title>ddddd</title>
      <link>/2019/04/ddddd/</link>
      <pubDate>Thu, 25 Apr 2019 00:00:00 +0000</pubDate>
      
      <guid>/2019/04/ddddd/</guid>
      <description>Quarterly ResultsEric Bouchut’s blog
Tranquilpeak is a gorgeous responsive theme for Hugo blog framework. It has many features and integrated services to improve user experience.Tranquilpeak is a gorgeous responsive theme for Hugo blog framework. It has many features and integrated services to improve user experience.HUGOMORE42 library(shiny)snippe
</description>
    </item>
    
    <item>
      <title>sobre</title>
      <link>/2019/04/sobre/</link>
      <pubDate>Wed, 24 Apr 2019 00:00:00 +0000</pubDate>
      
      <guid>/2019/04/sobre/</guid>
      <description></description>
    </item>
    
    <item>
      <title>Who&#39;s using Tranquilpeak Hugo Theme</title>
      <link>/2015/06/who-is-using-tranquilpeak-hugo-theme/</link>
      <pubDate>Sun, 14 Jun 2015 00:00:00 +0000</pubDate>
      
      <guid>/2015/06/who-is-using-tranquilpeak-hugo-theme/</guid>
      <description>&lt;p&gt;Here you can find a list of the blogs that use Tranquilpeak theme, with different styles and customizations.&lt;/p&gt;</description>
    </item>
    
  </channel>
</rss>