<?xml version="1.0" encoding="utf-8" standalone="yes" ?>
<rss version="2.0" xmlns:atom="http://www.w3.org/2005/Atom">
  <channel>
    <title>Pagination on Castellano</title>
    <link>/tags/pagination/</link>
    <description>Recent content in Pagination on Castellano</description>
    <generator>Hugo -- gohugo.io</generator>
    <language>es-es</language>
    <lastBuildDate>Fri, 15 Aug 2014 00:00:00 +0000</lastBuildDate>
    
	<atom:link href="/tags/pagination/index.xml" rel="self" type="application/rss+xml" />
    
    
    <item>
      <title>Hidden pagination showcase</title>
      <link>/2014/08/hidden-pagination-showcase/</link>
      <pubDate>Fri, 15 Aug 2014 00:00:00 +0000</pubDate>
      
      <guid>/2014/08/hidden-pagination-showcase/</guid>
      <description>&lt;p&gt;This post is used to show how a site looks if the pagination is hidden.&lt;/p&gt;</description>
    </item>
    
  </channel>
</rss>