<?xml version="1.0" encoding="utf-8" standalone="yes" ?>
<rss version="2.0" xmlns:atom="http://www.w3.org/2005/Atom">
  <channel>
    <title>rstudioconf on English</title>
    <link>/en-us/tags/rstudioconf/</link>
    <description>Recent content in rstudioconf on English</description>
    <generator>Hugo -- gohugo.io</generator>
    <language>es-es</language>
    <lastBuildDate>Sat, 04 May 2019 00:00:00 +0000</lastBuildDate>
    
	<atom:link href="/en-us/tags/rstudioconf/index.xml" rel="self" type="application/rss+xml" />
    
    
    <item>
      <title>Together we learn better</title>
      <link>/en-us/2019/05/nivel-3.es-es/</link>
      <pubDate>Sat, 04 May 2019 00:00:00 +0000</pubDate>
      
      <guid>/en-us/2019/05/nivel-3.es-es/</guid>
      <description>The R community</description>
    </item>
    
  </channel>
</rss>