<?xml version="1.0" encoding="utf-8" standalone="yes" ?>
<rss version="2.0" xmlns:atom="http://www.w3.org/2005/Atom">
  <channel>
    <title>Hola Mundo on English</title>
    <link>/en-us/categories/hola-mundo/</link>
    <description>Recent content in Hola Mundo on English</description>
    <generator>Hugo -- gohugo.io</generator>
    <language>es-es</language>
    <lastBuildDate>Sun, 05 May 2019 00:00:00 +0000</lastBuildDate>
    
	<atom:link href="/en-us/categories/hola-mundo/index.xml" rel="self" type="application/rss+xml" />
    
    
    <item>
      <title>Reproducibility</title>
      <link>/en-us/2019/05/nivel-4.es-es/</link>
      <pubDate>Sun, 05 May 2019 00:00:00 +0000</pubDate>
      
      <guid>/en-us/2019/05/nivel-4.es-es/</guid>
      <description>Programming can be easier</description>
    </item>
    
    <item>
      <title>Together we learn better</title>
      <link>/en-us/2019/05/nivel-3.es-es/</link>
      <pubDate>Sat, 04 May 2019 00:00:00 +0000</pubDate>
      
      <guid>/en-us/2019/05/nivel-3.es-es/</guid>
      <description>The R community</description>
    </item>
    
    <item>
      <title>R is not just another type of statistical software</title>
      <link>/en-us/2019/05/nivel-1.es-es/</link>
      <pubDate>Thu, 02 May 2019 00:00:00 +0000</pubDate>
      
      <guid>/en-us/2019/05/nivel-1.es-es/</guid>
      <description>Suddenly you are programming!</description>
    </item>
    
    <item>
      <title>R = r &#43; RStudio</title>
      <link>/en-us/2019/05/hola-mundo-2-6.es-es/</link>
      <pubDate>Wed, 01 May 2019 00:00:00 +0000</pubDate>
      
      <guid>/en-us/2019/05/hola-mundo-2-6.es-es/</guid>
      <description>Obstacles I found when learning to program in R (and how to overcome them)</description>
    </item>
    
  </channel>
</rss>