<?xml version="1.0" encoding="utf-8" standalone="yes" ?>
<rss version="2.0" xmlns:atom="http://www.w3.org/2005/Atom">
  <channel>
    <title>Html Elements on Castellano</title>
    <link>/tags/html-elements/</link>
    <description>Recent content in Html Elements on Castellano</description>
    <generator>Hugo -- gohugo.io</generator>
    <language>es-es</language>
    <lastBuildDate>Thu, 28 May 2015 00:00:00 +0000</lastBuildDate>
    
	<atom:link href="/tags/html-elements/index.xml" rel="self" type="application/rss+xml" />
    
    
    <item>
      <title>Elements showcase</title>
      <link>/2015/05/elements-showcase/</link>
      <pubDate>Thu, 28 May 2015 00:00:00 +0000</pubDate>
      
      <guid>/2015/05/elements-showcase/</guid>
      <description>&lt;p&gt;Check out how Tranquilpeak theme display well HTML elements (title, paragraph, blockquote, table and more..). It&amp;rsquo;s simple and elegant.&lt;/p&gt;</description>
    </item>
    
  </channel>
</rss>