<?xml version="1.0" encoding="utf-8" standalone="yes" ?>
<rss version="2.0" xmlns:atom="http://www.w3.org/2005/Atom">
  <channel>
    <title>Releases on Castellano</title>
    <link>/categories/releases/</link>
    <description>Recent content in Releases on Castellano</description>
    <generator>Hugo -- gohugo.io</generator>
    <language>es-es</language>
    <lastBuildDate>Thu, 25 Apr 2019 00:00:00 +0000</lastBuildDate>
    
	<atom:link href="/categories/releases/index.xml" rel="self" type="application/rss+xml" />
    
    
    <item>
      <title>ddddd</title>
      <link>/2019/04/ddddd/</link>
      <pubDate>Thu, 25 Apr 2019 00:00:00 +0000</pubDate>
      
      <guid>/2019/04/ddddd/</guid>
      <description>Quarterly ResultsEric Bouchut’s blog
Tranquilpeak is a gorgeous responsive theme for Hugo blog framework. It has many features and integrated services to improve user experience.Tranquilpeak is a gorgeous responsive theme for Hugo blog framework. It has many features and integrated services to improve user experience.HUGOMORE42 library(shiny)snippe
</description>
    </item>
    
    <item>
      <title>lalala</title>
      <link>/2019/04/lalala.es-es/</link>
      <pubDate>Wed, 24 Apr 2019 00:00:00 +0000</pubDate>
      
      <guid>/2019/04/lalala.es-es/</guid>
      <description>---
title: lalala
author: flor
date: &#39;2019-04-24&#39;
slug: lalala.es-es
categories:
  - features
  - R
  - releases
tags:
  - cover image
  - d
keywords:
  - tech
---





HUGOMORE42</description>
    </item>
    
    <item>
      <title>sobre</title>
      <link>/2019/04/sobre/</link>
      <pubDate>Wed, 24 Apr 2019 00:00:00 +0000</pubDate>
      
      <guid>/2019/04/sobre/</guid>
      <description></description>
    </item>
    
    <item>
      <title>Welcome to Tranquilpeak 0.4.4-BETA</title>
      <link>/2015/06/welcome-to-tranquilpeak-0.4.4-beta/</link>
      <pubDate>Mon, 15 Jun 2015 00:00:00 +0000</pubDate>
      
      <guid>/2015/06/welcome-to-tranquilpeak-0.4.4-beta/</guid>
      <description>&lt;p&gt;Tranquilpeak is a gorgeous responsive theme for Hugo blog framework. It has many features and integrated services to improve user experience.&lt;/p&gt;</description>
    </item>
    
  </channel>
</rss>