<?xml version="1.0" encoding="utf-8" standalone="yes" ?>
<rss version="2.0" xmlns:atom="http://www.w3.org/2005/Atom">
  <channel>
    <title>Asd on Castellano</title>
    <link>/categories/asd/</link>
    <description>Recent content in Asd on Castellano</description>
    <generator>Hugo -- gohugo.io</generator>
    <language>es-es</language>
    <lastBuildDate>Wed, 24 Apr 2019 00:00:00 +0000</lastBuildDate>
    
	<atom:link href="/categories/asd/index.xml" rel="self" type="application/rss+xml" />
    
    
    <item>
      <title>about</title>
      <link>/2019/04/about.es-es/</link>
      <pubDate>Wed, 24 Apr 2019 00:00:00 +0000</pubDate>
      
      <guid>/2019/04/about.es-es/</guid>
      <description>Sougfd</description>
    </item>
    
  </channel>
</rss>