<?xml version="1.0" encoding="utf-8" standalone="yes" ?>
<rss version="2.0" xmlns:atom="http://www.w3.org/2005/Atom">
  <channel>
    <title>Videos Integration on Castellano</title>
    <link>/tags/videos-integration/</link>
    <description>Recent content in Videos Integration on Castellano</description>
    <generator>Hugo -- gohugo.io</generator>
    <language>es-es</language>
    <lastBuildDate>Sat, 09 Aug 2014 00:00:00 +0000</lastBuildDate>
    
	<atom:link href="/tags/videos-integration/index.xml" rel="self" type="application/rss+xml" />
    
    
    <item>
      <title>Video integrations showcase</title>
      <link>/2014/08/video-integrations-showcase/</link>
      <pubDate>Sat, 09 Aug 2014 00:00:00 +0000</pubDate>
      
      <guid>/2014/08/video-integrations-showcase/</guid>
      <description>&lt;p&gt;Youtube and Vimeo videos are easily integrated thanks to tags plugins. Of course, you can add video other platforms like dailymotion.&lt;/p&gt;</description>
    </item>
    
  </channel>
</rss>