<?xml version="1.0" encoding="utf-8" standalone="yes" ?>
<rss version="2.0" xmlns:atom="http://www.w3.org/2005/Atom">
  <channel>
    <title>Chinese on Castellano</title>
    <link>/tags/chinese/</link>
    <description>Recent content in Chinese on Castellano</description>
    <generator>Hugo -- gohugo.io</generator>
    <language>es-es</language>
    <lastBuildDate>Sun, 28 Apr 2019 00:00:00 +0000</lastBuildDate>
    
	<atom:link href="/tags/chinese/index.xml" rel="self" type="application/rss+xml" />
    
    
    <item>
      <title>AHORA SI</title>
      <link>/2019/04/ahora-si.es-es/</link>
      <pubDate>Sun, 28 Apr 2019 00:00:00 +0000</pubDate>
      
      <guid>/2019/04/ahora-si.es-es/</guid>
      <description>Esto ya funciona</description>
    </item>
    
    <item>
      <title>dada</title>
      <link>/2019/04/dada/</link>
      <pubDate>Thu, 25 Apr 2019 00:00:00 +0000</pubDate>
      
      <guid>/2019/04/dada/</guid>
      <description>{% blockquote %} Lorem ipsum dolor sit amet, consectetur adipiscing elit. Pellentesque hendrerit lacus ut purus iaculis feugiat. Sed nec tempor elit, quis aliquam neque. Curabitur sed diam eget dolor fermentum semper at eu lorem. {% endblockquote %} {{ if not .Params.exclude_jquery}}  {{ end }}</description>
    </item>
    
    <item>
      <title>ddddd</title>
      <link>/2019/04/ddddd/</link>
      <pubDate>Thu, 25 Apr 2019 00:00:00 +0000</pubDate>
      
      <guid>/2019/04/ddddd/</guid>
      <description>Quarterly ResultsEric Bouchut’s blog
Tranquilpeak is a gorgeous responsive theme for Hugo blog framework. It has many features and integrated services to improve user experience.Tranquilpeak is a gorgeous responsive theme for Hugo blog framework. It has many features and integrated services to improve user experience.HUGOMORE42 library(shiny)snippe
</description>
    </item>
    
    <item>
      <title>about</title>
      <link>/2019/04/about.es-es/</link>
      <pubDate>Wed, 24 Apr 2019 00:00:00 +0000</pubDate>
      
      <guid>/2019/04/about.es-es/</guid>
      <description>Sougfd</description>
    </item>
    
    <item>
      <title>sobre</title>
      <link>/2019/04/sobre/</link>
      <pubDate>Wed, 24 Apr 2019 00:00:00 +0000</pubDate>
      
      <guid>/2019/04/sobre/</guid>
      <description></description>
    </item>
    
    <item>
      <title>hola mundo</title>
      <link>/2019/04/hola-mundo/</link>
      <pubDate>Tue, 23 Apr 2019 00:00:00 +0000</pubDate>
      
      <guid>/2019/04/hola-mundo/</guid>
      <description>si si si si</description>
    </item>
    
    <item>
      <title>中文測試</title>
      <link>/2013/10/chinese-test/</link>
      <pubDate>Wed, 02 Oct 2013 00:00:00 +0000</pubDate>
      
      <guid>/2013/10/chinese-test/</guid>
      <description>&lt;p&gt;This is a chinese test post to show you how chinese is displayed.&lt;/p&gt;</description>
    </item>
    
  </channel>
</rss>