<?xml version="1.0" encoding="utf-8" standalone="yes" ?>
<rss version="2.0" xmlns:atom="http://www.w3.org/2005/Atom">
  <channel>
    <title>Features on Castellano</title>
    <link>/categories/features/</link>
    <description>Recent content in Features on Castellano</description>
    <generator>Hugo -- gohugo.io</generator>
    <language>es-es</language>
    <lastBuildDate>Sun, 28 Apr 2019 00:00:00 +0000</lastBuildDate>
    
	<atom:link href="/categories/features/index.xml" rel="self" type="application/rss+xml" />
    
    
    <item>
      <title>AHORA SI</title>
      <link>/2019/04/ahora-si.es-es/</link>
      <pubDate>Sun, 28 Apr 2019 00:00:00 +0000</pubDate>
      
      <guid>/2019/04/ahora-si.es-es/</guid>
      <description>Esto ya funciona</description>
    </item>
    
    <item>
      <title>dada</title>
      <link>/2019/04/dada/</link>
      <pubDate>Thu, 25 Apr 2019 00:00:00 +0000</pubDate>
      
      <guid>/2019/04/dada/</guid>
      <description>{% blockquote %} Lorem ipsum dolor sit amet, consectetur adipiscing elit. Pellentesque hendrerit lacus ut purus iaculis feugiat. Sed nec tempor elit, quis aliquam neque. Curabitur sed diam eget dolor fermentum semper at eu lorem. {% endblockquote %} {{ if not .Params.exclude_jquery}}  {{ end }}</description>
    </item>
    
    <item>
      <title>ffefefef</title>
      <link>/2019/04/ffefefef/</link>
      <pubDate>Thu, 25 Apr 2019 00:00:00 +0000</pubDate>
      
      <guid>/2019/04/ffefefef/</guid>
      <description>´´´´{{&amp;lt; hl-text [classes] &amp;gt;}}content{{&amp;lt; /hl-text &amp;gt;}}´´
{{&amp;lt; image classes=“fancybox right clear” src=“image2.png” thumbnail=“http://google.fr/images/image125.png” group=“group:travel” thumbnail-width=“150px” thumbnail-height=“300px” title=“A beautiful sunrise” &amp;gt;}}
{{&amp;lt; tabbed-codeblock example http://example.com &amp;gt;}}var test = ‘test’;.btn {color: red;}{{&amp;lt; /tabbed-codeblock &amp;gt;}}
{{&amp;lt; wide-image src=“http://google.fr/images/image125.png” title=“A beautiful sunrise” &amp;gt;}}</description>
    </item>
    
    <item>
      <title>about</title>
      <link>/2019/04/about.es-es/</link>
      <pubDate>Wed, 24 Apr 2019 00:00:00 +0000</pubDate>
      
      <guid>/2019/04/about.es-es/</guid>
      <description>Sougfd</description>
    </item>
    
    <item>
      <title>lalala</title>
      <link>/2019/04/lalala.es-es/</link>
      <pubDate>Wed, 24 Apr 2019 00:00:00 +0000</pubDate>
      
      <guid>/2019/04/lalala.es-es/</guid>
      <description>---
title: lalala
author: flor
date: &#39;2019-04-24&#39;
slug: lalala.es-es
categories:
  - features
  - R
  - releases
tags:
  - cover image
  - d
keywords:
  - tech
---





HUGOMORE42</description>
    </item>
    
    <item>
      <title>sobre</title>
      <link>/2019/04/sobre/</link>
      <pubDate>Wed, 24 Apr 2019 00:00:00 +0000</pubDate>
      
      <guid>/2019/04/sobre/</guid>
      <description></description>
    </item>
    
    <item>
      <title>Elements showcase</title>
      <link>/2015/05/elements-showcase/</link>
      <pubDate>Thu, 28 May 2015 00:00:00 +0000</pubDate>
      
      <guid>/2015/05/elements-showcase/</guid>
      <description>&lt;p&gt;Check out how Tranquilpeak theme display well HTML elements (title, paragraph, blockquote, table and more..). It&amp;rsquo;s simple and elegant.&lt;/p&gt;</description>
    </item>
    
    <item>
      <title>Cover image showcase</title>
      <link>/2015/05/cover-image-showcase/</link>
      <pubDate>Wed, 13 May 2015 00:00:00 +0000</pubDate>
      
      <guid>/2015/05/cover-image-showcase/</guid>
      <description>&lt;p&gt;Tranquilpeak integrate a unique &amp;ldquo;cover image&amp;rdquo; feature. Open this post to see how this feature sublimate your article.&lt;/p&gt;</description>
    </item>
    
    <item>
      <title>highlighted code showcase</title>
      <link>/2015/03/highlighted-code-showcase/</link>
      <pubDate>Mon, 23 Mar 2015 00:00:00 +0000</pubDate>
      
      <guid>/2015/03/highlighted-code-showcase/</guid>
      <description>&lt;p&gt;Tranquilpeak Hugo theme have its own theme to highlight source code. It&amp;rsquo;s based on GitHub theme: simple and elegant. Check out how it sublimate source codes.&lt;/p&gt;</description>
    </item>
    
    <item>
      <title>Hidden social section showcase</title>
      <link>/2014/08/hidden-social-section-showcase/</link>
      <pubDate>Sun, 17 Aug 2014 00:00:00 +0000</pubDate>
      
      <guid>/2014/08/hidden-social-section-showcase/</guid>
      <description>&lt;p&gt;This post is used to show how a site looks if the social section is hidden.&lt;/p&gt;</description>
    </item>
    
    <item>
      <title>Hidden tag section showcase</title>
      <link>/2014/08/hidden-tag-section-showcase/</link>
      <pubDate>Sat, 16 Aug 2014 00:00:00 +0000</pubDate>
      
      <guid>/2014/08/hidden-tag-section-showcase/</guid>
      <description>&lt;p&gt;This post is used to show how a site looks if the tag section is hidden.&lt;/p&gt;</description>
    </item>
    
    <item>
      <title>Hidden pagination showcase</title>
      <link>/2014/08/hidden-pagination-showcase/</link>
      <pubDate>Fri, 15 Aug 2014 00:00:00 +0000</pubDate>
      
      <guid>/2014/08/hidden-pagination-showcase/</guid>
      <description>&lt;p&gt;This post is used to show how a site looks if the pagination is hidden.&lt;/p&gt;</description>
    </item>
    
    <item>
      <title>Video integrations showcase</title>
      <link>/2014/08/video-integrations-showcase/</link>
      <pubDate>Sat, 09 Aug 2014 00:00:00 +0000</pubDate>
      
      <guid>/2014/08/video-integrations-showcase/</guid>
      <description>&lt;p&gt;Youtube and Vimeo videos are easily integrated thanks to tags plugins. Of course, you can add video other platforms like dailymotion.&lt;/p&gt;</description>
    </item>
    
    <item>
      <title>中文測試</title>
      <link>/2013/10/chinese-test/</link>
      <pubDate>Wed, 02 Oct 2013 00:00:00 +0000</pubDate>
      
      <guid>/2013/10/chinese-test/</guid>
      <description>&lt;p&gt;This is a chinese test post to show you how chinese is displayed.&lt;/p&gt;</description>
    </item>
    
    <item>
      <title>Image gallery showcase</title>
      <link>/2013/02/image-gallery-showcase/</link>
      <pubDate>Mon, 18 Feb 2013 00:00:00 +0000</pubDate>
      
      <guid>/2013/02/image-gallery-showcase/</guid>
      <description>&lt;p&gt;And here is the image gallery!&lt;/p&gt;</description>
    </item>
    
    <item>
      <title>日本語テスト</title>
      <link>/2013/01/japanese-test/</link>
      <pubDate>Wed, 02 Jan 2013 00:00:00 +0000</pubDate>
      
      <guid>/2013/01/japanese-test/</guid>
      <description>&lt;p&gt;This is a Japanese test post to show you how japanese is displayed.&lt;/p&gt;</description>
    </item>
    
  </channel>
</rss>