<?xml version="1.0" encoding="utf-8" standalone="yes" ?>
<rss version="2.0" xmlns:atom="http://www.w3.org/2005/Atom">
  <channel>
    <title>Reproducible Reseatch on English</title>
    <link>/en-us/tags/reproducible-reseatch/</link>
    <description>Recent content in Reproducible Reseatch on English</description>
    <generator>Hugo -- gohugo.io</generator>
    <language>es-es</language>
    <lastBuildDate>Sun, 05 May 2019 00:00:00 +0000</lastBuildDate>
    
	<atom:link href="/en-us/tags/reproducible-reseatch/index.xml" rel="self" type="application/rss+xml" />
    
    
    <item>
      <title>Reproducibility</title>
      <link>/en-us/2019/05/nivel-4.es-es/</link>
      <pubDate>Sun, 05 May 2019 00:00:00 +0000</pubDate>
      
      <guid>/en-us/2019/05/nivel-4.es-es/</guid>
      <description>How do I got there?Did you ever re-run an old script and have errors due to you have updated a package? Do you want to get a graphic again but you forgot the format and size you used the first time? Have you ever forgotten the name and location of the file where your database is stored? Have you ever said, “I spent hours trying to run my code and then I realized that the error was very simple”?</description>
    </item>
    
  </channel>
</rss>