<?xml version="1.0" encoding="utf-8" standalone="yes" ?>
<rss version="2.0" xmlns:atom="http://www.w3.org/2005/Atom">
  <channel>
    <title>Google Analytics on Castellano</title>
    <link>/tags/google-analytics/</link>
    <description>Recent content in Google Analytics on Castellano</description>
    <generator>Hugo -- gohugo.io</generator>
    <language>es-es</language>
    <lastBuildDate>Mon, 15 Jun 2015 00:00:00 +0000</lastBuildDate>
    
	<atom:link href="/tags/google-analytics/index.xml" rel="self" type="application/rss+xml" />
    
    
    <item>
      <title>Welcome to Tranquilpeak 0.4.4-BETA</title>
      <link>/2015/06/welcome-to-tranquilpeak-0.4.4-beta/</link>
      <pubDate>Mon, 15 Jun 2015 00:00:00 +0000</pubDate>
      
      <guid>/2015/06/welcome-to-tranquilpeak-0.4.4-beta/</guid>
      <description>&lt;p&gt;Tranquilpeak is a gorgeous responsive theme for Hugo blog framework. It has many features and integrated services to improve user experience.&lt;/p&gt;</description>
    </item>
    
  </channel>
</rss>