<?xml version="1.0" encoding="utf-8" standalone="yes" ?>
<rss version="2.0" xmlns:atom="http://www.w3.org/2005/Atom">
  <channel>
    <title>Cover Image on English</title>
    <link>/en-us/tags/cover-image/</link>
    <description>Recent content in Cover Image on English</description>
    <generator>Hugo -- gohugo.io</generator>
    <language>es-es</language>
    <lastBuildDate>Sun, 28 Apr 2019 00:00:00 +0000</lastBuildDate>
    
	<atom:link href="/en-us/tags/cover-image/index.xml" rel="self" type="application/rss+xml" />
    
    
    <item>
      <title>now_yes</title>
      <link>/en-us/2019/04/now-yes.en-us/</link>
      <pubDate>Sun, 28 Apr 2019 00:00:00 +0000</pubDate>
      
      <guid>/en-us/2019/04/now-yes.en-us/</guid>
      <description>this works</description>
    </item>
    
    <item>
      <title>sobre</title>
      <link>/en-us/2019/04/sobre.en-us/</link>
      <pubDate>Wed, 24 Apr 2019 00:00:00 +0000</pubDate>
      
      <guid>/en-us/2019/04/sobre.en-us/</guid>
      <description>HUGOMORE42 ingles</description>
    </item>
    
    <item>
      <title>Hello world</title>
      <link>/en-us/2019/04/hello-world/</link>
      <pubDate>Tue, 23 Apr 2019 00:00:00 +0000</pubDate>
      
      <guid>/en-us/2019/04/hello-world/</guid>
      <description>HUGOMORE42 { {&amp;lt; highlight r &amp;gt;}} library(tidyverse) # a comment x &amp;lt;- mean(mtcars$mpg) { {&amp;lt; /highlight &amp;gt;}}</description>
    </item>
    
  </channel>
</rss>