<?xml version="1.0" encoding="utf-8" standalone="yes" ?>
<rss version="2.0" xmlns:atom="http://www.w3.org/2005/Atom">
  <channel>
    <title>rladies on Castellano</title>
    <link>/tags/rladies/</link>
    <description>Recent content in rladies on Castellano</description>
    <generator>Hugo -- gohugo.io</generator>
    <language>es-es</language>
    <lastBuildDate>Sat, 04 May 2019 00:00:00 +0000</lastBuildDate>
    
	<atom:link href="/tags/rladies/index.xml" rel="self" type="application/rss+xml" />
    
    
    <item>
      <title>Juntos aprendemos más</title>
      <link>/2019/05/nivel-3.es-es/</link>
      <pubDate>Sat, 04 May 2019 00:00:00 +0000</pubDate>
      
      <guid>/2019/05/nivel-3.es-es/</guid>
      <description>La comunidad de R</description>
    </item>
    
  </channel>
</rss>