<?xml version="1.0" encoding="utf-8" standalone="yes" ?>
<rss version="2.0" xmlns:atom="http://www.w3.org/2005/Atom">
  <channel>
    <title>Español</title>
    <link>/es-es/</link>
    <description>Recent content on Español</description>
    <generator>Hugo -- gohugo.io</generator>
    <language>es-es</language>
    <lastBuildDate>Thu, 16 Jan 2020 00:00:00 +0000</lastBuildDate>
    
	<atom:link href="/es-es/index.xml" rel="self" type="application/rss+xml" />
    
    
    <item>
      <title>intro a shiny</title>
      <link>/es-es/2020/01/es-es/</link>
      <pubDate>Thu, 16 Jan 2020 00:00:00 +0000</pubDate>
      
      <guid>/es-es/2020/01/es-es/</guid>
      <description></description>
    </item>
    
  </channel>
</rss>