<?xml version="1.0" encoding="utf-8" standalone="yes" ?>
<rss version="2.0" xmlns:atom="http://www.w3.org/2005/Atom">
  <channel>
    <title>ciencia reprodicible on Castellano</title>
    <link>/tags/ciencia-reprodicible/</link>
    <description>Recent content in ciencia reprodicible on Castellano</description>
    <generator>Hugo -- gohugo.io</generator>
    <language>es-es</language>
    <lastBuildDate>Sun, 05 May 2019 00:00:00 +0000</lastBuildDate>
    
	<atom:link href="/tags/ciencia-reprodicible/index.xml" rel="self" type="application/rss+xml" />
    
    
    <item>
      <title>Reproducibilidad</title>
      <link>/2019/05/nivel-4.es-es/</link>
      <pubDate>Sun, 05 May 2019 00:00:00 +0000</pubDate>
      
      <guid>/2019/05/nivel-4.es-es/</guid>
      <description>Programar puede ser más fácil</description>
    </item>
    
  </channel>
</rss>