<?xml version="1.0" encoding="utf-8" standalone="yes" ?>
<rss version="2.0" xmlns:atom="http://www.w3.org/2005/Atom">
  <channel>
    <title>Vs on Castellano</title>
    <link>/tags/vs/</link>
    <description>Recent content in Vs on Castellano</description>
    <generator>Hugo -- gohugo.io</generator>
    <language>es-es</language>
    <lastBuildDate>Wed, 24 Apr 2019 00:00:00 +0000</lastBuildDate>
    
	<atom:link href="/tags/vs/index.xml" rel="self" type="application/rss+xml" />
    
    
    <item>
      <title>sobre</title>
      <link>/2019/04/sobre/</link>
      <pubDate>Wed, 24 Apr 2019 00:00:00 +0000</pubDate>
      
      <guid>/2019/04/sobre/</guid>
      <description></description>
    </item>
    
  </channel>
</rss>