<?xml version="1.0" encoding="utf-8" standalone="yes" ?>
<rss version="2.0" xmlns:atom="http://www.w3.org/2005/Atom">
  <channel>
    <title>learningR on English</title>
    <link>/en-us/tags/learningr/</link>
    <description>Recent content in learningR on English</description>
    <generator>Hugo -- gohugo.io</generator>
    <language>es-es</language>
    <lastBuildDate>Sun, 05 May 2019 00:00:00 +0000</lastBuildDate>
    
	<atom:link href="/en-us/tags/learningr/index.xml" rel="self" type="application/rss+xml" />
    
    
    <item>
      <title>Reproducibility</title>
      <link>/en-us/2019/05/nivel-4.es-es/</link>
      <pubDate>Sun, 05 May 2019 00:00:00 +0000</pubDate>
      
      <guid>/en-us/2019/05/nivel-4.es-es/</guid>
      <description>Programming can be easier</description>
    </item>
    
    <item>
      <title>Together we learn better</title>
      <link>/en-us/2019/05/nivel-3.es-es/</link>
      <pubDate>Sat, 04 May 2019 00:00:00 +0000</pubDate>
      
      <guid>/en-us/2019/05/nivel-3.es-es/</guid>
      <description>The R community</description>
    </item>
    
    <item>
      <title>The art of asking Google</title>
      <link>/en-us/2019/05/nivel-2.es-es/</link>
      <pubDate>Fri, 03 May 2019 00:00:00 +0000</pubDate>
      
      <guid>/en-us/2019/05/nivel-2.es-es/</guid>
      <description>About syntaxis, the Tidyverse, and the evolution of the code</description>
    </item>
    
    <item>
      <title>R is not just another type of statistical software</title>
      <link>/en-us/2019/05/nivel-1.es-es/</link>
      <pubDate>Thu, 02 May 2019 00:00:00 +0000</pubDate>
      
      <guid>/en-us/2019/05/nivel-1.es-es/</guid>
      <description>Suddenly you are programming!</description>
    </item>
    
    <item>
      <title>Hello world</title>
      <link>/en-us/2019/04/hello-world.en-us/</link>
      <pubDate>Mon, 29 Apr 2019 00:00:00 +0000</pubDate>
      
      <guid>/en-us/2019/04/hello-world.en-us/</guid>
      <description>Starting here!</description>
    </item>
    
  </channel>
</rss>