<?xml version="1.0" encoding="utf-8" standalone="yes" ?>
<rss version="2.0" xmlns:atom="http://www.w3.org/2005/Atom">
  <channel>
    <title>Tag Plugins on Castellano</title>
    <link>/tags/tag-plugins/</link>
    <description>Recent content in Tag Plugins on Castellano</description>
    <generator>Hugo -- gohugo.io</generator>
    <language>es-es</language>
    <lastBuildDate>Wed, 29 Oct 2014 00:00:00 +0000</lastBuildDate>
    
	<atom:link href="/tags/tag-plugins/index.xml" rel="self" type="application/rss+xml" />
    
    
    <item>
      <title>Tags plugins showcase</title>
      <link>/2014/10/tags-plugins-showcase/</link>
      <pubDate>Wed, 29 Oct 2014 00:00:00 +0000</pubDate>
      
      <guid>/2014/10/tags-plugins-showcase/</guid>
      <description>&lt;p&gt;This post is used to show how tag plugins are displayed. See &lt;a href=&#34;https://github.com/kakawait/hugo-tranquilpeak-theme/blob/master/docs/user.md#tags&#34;&gt;docs&lt;/a&gt; for more info.&lt;/p&gt;</description>
    </item>
    
  </channel>
</rss>