<?xml version="1.0" encoding="utf-8" standalone="yes" ?>
<rss version="2.0" xmlns:atom="http://www.w3.org/2005/Atom">
  <channel>
    <title>D on Castellano</title>
    <link>/tags/d/</link>
    <description>Recent content in D on Castellano</description>
    <generator>Hugo -- gohugo.io</generator>
    <language>es-es</language>
    <lastBuildDate>Thu, 25 Apr 2019 00:00:00 +0000</lastBuildDate>
    
	<atom:link href="/tags/d/index.xml" rel="self" type="application/rss+xml" />
    
    
    <item>
      <title>ddddd</title>
      <link>/2019/04/ddddd/</link>
      <pubDate>Thu, 25 Apr 2019 00:00:00 +0000</pubDate>
      
      <guid>/2019/04/ddddd/</guid>
      <description>Quarterly ResultsEric Bouchut’s blog
Tranquilpeak is a gorgeous responsive theme for Hugo blog framework. It has many features and integrated services to improve user experience.Tranquilpeak is a gorgeous responsive theme for Hugo blog framework. It has many features and integrated services to improve user experience.HUGOMORE42 library(shiny)snippe
</description>
    </item>
    
    <item>
      <title>ffefefef</title>
      <link>/2019/04/ffefefef/</link>
      <pubDate>Thu, 25 Apr 2019 00:00:00 +0000</pubDate>
      
      <guid>/2019/04/ffefefef/</guid>
      <description>´´´´{{&amp;lt; hl-text [classes] &amp;gt;}}content{{&amp;lt; /hl-text &amp;gt;}}´´
{{&amp;lt; image classes=“fancybox right clear” src=“image2.png” thumbnail=“http://google.fr/images/image125.png” group=“group:travel” thumbnail-width=“150px” thumbnail-height=“300px” title=“A beautiful sunrise” &amp;gt;}}
{{&amp;lt; tabbed-codeblock example http://example.com &amp;gt;}}var test = ‘test’;.btn {color: red;}{{&amp;lt; /tabbed-codeblock &amp;gt;}}
{{&amp;lt; wide-image src=“http://google.fr/images/image125.png” title=“A beautiful sunrise” &amp;gt;}}</description>
    </item>
    
    <item>
      <title>about</title>
      <link>/2019/04/about.es-es/</link>
      <pubDate>Wed, 24 Apr 2019 00:00:00 +0000</pubDate>
      
      <guid>/2019/04/about.es-es/</guid>
      <description>Sougfd</description>
    </item>
    
    <item>
      <title>lalala</title>
      <link>/2019/04/lalala.es-es/</link>
      <pubDate>Wed, 24 Apr 2019 00:00:00 +0000</pubDate>
      
      <guid>/2019/04/lalala.es-es/</guid>
      <description>---
title: lalala
author: flor
date: &#39;2019-04-24&#39;
slug: lalala.es-es
categories:
  - features
  - R
  - releases
tags:
  - cover image
  - d
keywords:
  - tech
---





HUGOMORE42</description>
    </item>
    
  </channel>
</rss>