<?xml version="1.0" encoding="utf-8" standalone="yes" ?>
<rss version="2.0" xmlns:atom="http://www.w3.org/2005/Atom">
  <channel>
    <title>English</title>
    <link>/</link>
    <description>Recent content on English</description>
    <generator>Hugo -- gohugo.io</generator>
    <language>es-es</language>
    <lastBuildDate>Thu, 16 Jan 2020 00:00:00 +0000</lastBuildDate>
    
	<atom:link href="/index.xml" rel="self" type="application/rss+xml" />
    
    
    <item>
      <title>intro shiny</title>
      <link>/2020/01/intro-shiny.en-us/</link>
      <pubDate>Thu, 16 Jan 2020 00:00:00 +0000</pubDate>
      
      <guid>/2020/01/intro-shiny.en-us/</guid>
      <description>HUGOMORE42</description>
    </item>
    
  </channel>
</rss>